<?xml version="1.0" encoding="utf-8"?>
<!--/419063/1130953/2.50/14/2/Integrated Circuit/-->
<quadcept_library>
  <setting unit="mil" />
  <textstyle name="Default" height="47.244094488189" strokewidth="7.8740157480315" charwidth="47.244094488189" />
  <textstyle name="Dimension" height="19.6850393700787" strokewidth="0" charwidth="19.6850393700787" />
  <textstyle name="H127W0635TH00762" height="50" strokewidth="3" charwidth="25" />
  <textstyle name="H15W15TH02" height="59.0551181102362" strokewidth="7.8740157480315" charwidth="59.0551181102362" />
  <padstyle name="c115.8_h75.8" surface="False" plated="True" isvia="False" nopaste="True" nomask="True" complex="False" holesize="29.842519685039">
    <padshape layer="TOP" shape="round" width="45.590551181102" height="45.590551181102" />
    <padshape layer="TOP_SOLDER_MASK" shape="round" width="53.464566929133" height="53.464566929133" />
    <padshape layer="INNER" shape="round" width="45.590551181102" height="45.590551181102" />
    <padshape layer="BOTTOM" shape="round" width="45.590551181102" height="45.590551181102" />
    <padshape layer="BOTTOM_SOLDER_MASK" shape="round" width="53.464566929133" height="53.464566929133" />
  </padstyle>
  <padstyle name="s115.8_h75.8" surface="False" plated="True" isvia="False" nopaste="True" nomask="True" complex="False" holesize="29.842519685039">
    <padshape layer="TOP" shape="square" width="45.590551181102" height="45.590551181102" />
    <padshape layer="TOP_SOLDER_MASK" shape="square" width="53.464566929133" height="53.464566929133" />
    <padshape layer="INNER" shape="round" width="45.590551181102" height="45.590551181102" />
    <padshape layer="BOTTOM" shape="square" width="45.590551181102" height="45.590551181102" />
    <padshape layer="BOTTOM_SOLDER_MASK" shape="square" width="53.464566929133" height="53.464566929133" />
  </padstyle>
  <footprint name="DIP762W56P254L1930H533Q14N" originx="0" originy="0" pickpointx="0" pickpointy="0">
    <pcbpin number="1" name="1" style="s115.8_h75.8" originx="-150" originy="300" rotation="90" />
    <pcbpin number="2" name="2" style="c115.8_h75.8" originx="-150" originy="200" rotation="90" />
    <pcbpin number="3" name="3" style="c115.8_h75.8" originx="-150" originy="99.999999999999" rotation="90" />
    <pcbpin number="4" name="4" style="c115.8_h75.8" originx="-150" originy="0" rotation="90" />
    <pcbpin number="5" name="5" style="c115.8_h75.8" originx="-150" originy="-99.999999999999" rotation="90" />
    <pcbpin number="6" name="6" style="c115.8_h75.8" originx="-150" originy="-200" rotation="90" />
    <pcbpin number="7" name="7" style="c115.8_h75.8" originx="-150" originy="-300" rotation="90" />
    <pcbpin number="8" name="8" style="c115.8_h75.8" originx="150" originy="-300" rotation="90" />
    <pcbpin number="9" name="9" style="c115.8_h75.8" originx="150" originy="-200" rotation="90" />
    <pcbpin number="10" name="10" style="c115.8_h75.8" originx="150" originy="-99.999999999999" rotation="90" />
    <pcbpin number="11" name="11" style="c115.8_h75.8" originx="150" originy="0" rotation="90" />
    <pcbpin number="12" name="12" style="c115.8_h75.8" originx="150" originy="99.999999999999" rotation="90" />
    <pcbpin number="13" name="13" style="c115.8_h75.8" originx="150" originy="200" rotation="90" />
    <pcbpin number="14" name="14" style="c115.8_h75.8" originx="150" originy="300" rotation="90" />
    <line layer="TOP_PLACE_BOUND" originx="-182.63779527559" originy="407.28346456692" endx="182.63779527559" endy="407.28346456692" width="1.9685039370079" />
    <line layer="TOP_PLACE_BOUND" originx="182.63779527559" originy="407.28346456692" endx="182.63779527559" endy="-407.28346456692" width="1.9685039370079" />
    <line layer="TOP_PLACE_BOUND" originx="182.63779527559" originy="-407.28346456692" endx="-182.63779527559" endy="-407.28346456692" width="1.9685039370079" />
    <line layer="TOP_PLACE_BOUND" originx="-182.63779527559" originy="-407.28346456692" endx="-182.63779527559" endy="407.28346456692" width="1.9685039370079" />
    <line layer="TOP_ASSEMBLY" originx="-139.96062992126" originy="397.44094488188" endx="139.96062992126" endy="397.44094488188" width="3.9370078740157" />
    <line layer="TOP_ASSEMBLY" originx="139.96062992126" originy="397.44094488188" endx="139.96062992126" endy="-397.44094488188" width="3.9370078740157" />
    <line layer="TOP_ASSEMBLY" originx="139.96062992126" originy="-397.44094488188" endx="-139.96062992126" endy="-397.44094488188" width="3.9370078740157" />
    <line layer="TOP_ASSEMBLY" originx="-139.96062992126" originy="-397.44094488188" endx="-139.96062992126" endy="397.44094488188" width="3.9370078740157" />
    <line layer="TOP_ASSEMBLY" originx="-139.96062992126" originy="347.44094488189" endx="-89.960629921259" endy="397.44094488188" width="3.9370078740157" />
    <line layer="TOP_SILKSCREEN" originx="-172.79527559055" originy="397.44094488188" endx="139.96062992126" endy="397.44094488188" width="7.8740157480314" />
    <line layer="TOP_SILKSCREEN" originx="-139.96062992126" originy="-397.44094488188" endx="139.96062992126" endy="-397.44094488188" width="7.8740157480314" />
  </footprint>
  <symbol name="IR21834PBF" originx="0" originy="0">
    <line originx="200" originy="100" endx="1000" endy="100" width="0" />
    <line originx="1000" originy="-700" endx="1000" endy="100" width="0" />
    <line originx="1000" originy="-700" endx="200" endy="-700" width="0" />
    <line originx="200" originy="100" endx="200" endy="-700" width="0" />
    <sympin number="1" originx="200" originy="0" rotation="180" length="100" width="7.8740157480315" flipped="False">
      <text name="pinname" originx="230" originy="0" style="Default" rotation="0" justify="left" flipped="False" hidden="False" data="HIN" />
      <text name="pindes" originx="140" originy="20" style="Default" rotation="0" justify="lowerright" flipped="False" hidden="False" data="1" />
    </sympin>
    <sympin number="2" originx="200" originy="-100" rotation="180" length="100" width="7.8740157480315" flipped="False">
      <text name="pinname" originx="230" originy="-100" style="Default" rotation="0" justify="left" flipped="False" hidden="False" data="LIN" />
      <text name="pindes" originx="140" originy="-80" style="Default" rotation="0" justify="lowerright" flipped="False" hidden="False" data="2" />
    </sympin>
    <sympin number="3" originx="200" originy="-200" rotation="180" length="100" width="7.8740157480315" flipped="False">
      <text name="pinname" originx="230" originy="-200" style="Default" rotation="0" justify="left" flipped="False" hidden="False" data="VSS" />
      <text name="pindes" originx="140" originy="-180" style="Default" rotation="0" justify="lowerright" flipped="False" hidden="False" data="3" />
    </sympin>
    <sympin number="4" originx="200" originy="-300" rotation="180" length="100" width="7.8740157480315" flipped="False">
      <text name="pinname" originx="230" originy="-300" style="Default" rotation="0" justify="left" flipped="False" hidden="False" data="N/C_1" />
      <text name="pindes" originx="140" originy="-280" style="Default" rotation="0" justify="lowerright" flipped="False" hidden="False" data="4" />
    </sympin>
    <sympin number="5" originx="200" originy="-400" rotation="180" length="100" width="7.8740157480315" flipped="False">
      <text name="pinname" originx="230" originy="-400" style="Default" rotation="0" justify="left" flipped="False" hidden="False" data="COM" />
      <text name="pindes" originx="140" originy="-380" style="Default" rotation="0" justify="lowerright" flipped="False" hidden="False" data="5" />
    </sympin>
    <sympin number="6" originx="200" originy="-500" rotation="180" length="100" width="7.8740157480315" flipped="False">
      <text name="pinname" originx="230" originy="-500" style="Default" rotation="0" justify="left" flipped="False" hidden="False" data="LO" />
      <text name="pindes" originx="140" originy="-480" style="Default" rotation="0" justify="lowerright" flipped="False" hidden="False" data="6" />
    </sympin>
    <sympin number="7" originx="200" originy="-600" rotation="180" length="100" width="7.8740157480315" flipped="False">
      <text name="pinname" originx="230" originy="-600" style="Default" rotation="0" justify="left" flipped="False" hidden="False" data="VCC" />
      <text name="pindes" originx="140" originy="-580" style="Default" rotation="0" justify="lowerright" flipped="False" hidden="False" data="7" />
    </sympin>
    <sympin number="14" originx="1000" originy="0" rotation="0" length="100" width="7.8740157480315" flipped="False">
      <text name="pinname" originx="970" originy="0" style="Default" rotation="0" justify="right" flipped="False" hidden="False" data="N/C_5" />
      <text name="pindes" originx="1060" originy="20" style="Default" rotation="0" justify="lowerleft" flipped="False" hidden="False" data="14" />
    </sympin>
    <sympin number="13" originx="1000" originy="-100" rotation="0" length="100" width="7.8740157480315" flipped="False">
      <text name="pinname" originx="970" originy="-100" style="Default" rotation="0" justify="right" flipped="False" hidden="False" data="VB" />
      <text name="pindes" originx="1060" originy="-80" style="Default" rotation="0" justify="lowerleft" flipped="False" hidden="False" data="13" />
    </sympin>
    <sympin number="12" originx="1000" originy="-200" rotation="0" length="100" width="7.8740157480315" flipped="False">
      <text name="pinname" originx="970" originy="-200" style="Default" rotation="0" justify="right" flipped="False" hidden="False" data="HO" />
      <text name="pindes" originx="1060" originy="-180" style="Default" rotation="0" justify="lowerleft" flipped="False" hidden="False" data="12" />
    </sympin>
    <sympin number="11" originx="1000" originy="-300" rotation="0" length="100" width="7.8740157480315" flipped="False">
      <text name="pinname" originx="970" originy="-300" style="Default" rotation="0" justify="right" flipped="False" hidden="False" data="VS" />
      <text name="pindes" originx="1060" originy="-280" style="Default" rotation="0" justify="lowerleft" flipped="False" hidden="False" data="11" />
    </sympin>
    <sympin number="10" originx="1000" originy="-400" rotation="0" length="100" width="7.8740157480315" flipped="False">
      <text name="pinname" originx="970" originy="-400" style="Default" rotation="0" justify="right" flipped="False" hidden="False" data="N/C_4" />
      <text name="pindes" originx="1060" originy="-380" style="Default" rotation="0" justify="lowerleft" flipped="False" hidden="False" data="10" />
    </sympin>
    <sympin number="9" originx="1000" originy="-500" rotation="0" length="100" width="7.8740157480315" flipped="False">
      <text name="pinname" originx="970" originy="-500" style="Default" rotation="0" justify="right" flipped="False" hidden="False" data="N/C_3" />
      <text name="pindes" originx="1060" originy="-480" style="Default" rotation="0" justify="lowerleft" flipped="False" hidden="False" data="9" />
    </sympin>
    <sympin number="8" originx="1000" originy="-600" rotation="0" length="100" width="7.8740157480315" flipped="False">
      <text name="pinname" originx="970" originy="-600" style="Default" rotation="0" justify="right" flipped="False" hidden="False" data="N/C_2" />
      <text name="pindes" originx="1060" originy="-580" style="Default" rotation="0" justify="lowerleft" flipped="False" hidden="False" data="8" />
    </sympin>
  </symbol>
  <component name="IR21834PBF" designatorprefix="IC" height="209.84251968504" footprint="DIP762W56P254L1930H533Q14N">
    <comppin designator="1" sympin="1" pinswap="0" gateswap="0" gate="1" group="1" side="" type="Input" name="HIN" />
    <comppin designator="2" sympin="2" pinswap="0" gateswap="0" gate="1" group="1" side="" type="Input" name="LIN" />
    <comppin designator="3" sympin="3" pinswap="0" gateswap="0" gate="1" group="1" side="" type="Ground" name="VSS" />
    <comppin designator="4" sympin="4" pinswap="0" gateswap="0" gate="1" group="1" side="" type="Any" name="N/C_1" />
    <comppin designator="5" sympin="5" pinswap="0" gateswap="0" gate="1" group="1" side="" type="Ground" name="COM" />
    <comppin designator="6" sympin="6" pinswap="0" gateswap="0" gate="1" group="1" side="" type="Output" name="LO" />
    <comppin designator="7" sympin="7" pinswap="0" gateswap="0" gate="1" group="1" side="" type="Power" name="VCC" />
    <comppin designator="8" sympin="8" pinswap="0" gateswap="0" gate="1" group="1" side="" type="Any" name="N/C_2" />
    <comppin designator="9" sympin="9" pinswap="0" gateswap="0" gate="1" group="1" side="" type="Any" name="N/C_3" />
    <comppin designator="10" sympin="10" pinswap="0" gateswap="0" gate="1" group="1" side="" type="Any" name="N/C_4" />
    <comppin designator="11" sympin="11" pinswap="0" gateswap="0" gate="1" group="1" side="" type="Ground" name="VS" />
    <comppin designator="12" sympin="12" pinswap="0" gateswap="0" gate="1" group="1" side="" type="Output" name="HO" />
    <comppin designator="13" sympin="13" pinswap="0" gateswap="0" gate="1" group="1" side="" type="Power" name="VB" />
    <comppin designator="14" sympin="14" pinswap="0" gateswap="0" gate="1" group="1" side="" type="Any" name="N/C_5" />
    <attached_symbol gate="1" name="IR21834PBF" />
    <pinmap designator="1" footprintpin="1" />
    <pinmap designator="2" footprintpin="2" />
    <pinmap designator="3" footprintpin="3" />
    <pinmap designator="4" footprintpin="4" />
    <pinmap designator="5" footprintpin="5" />
    <pinmap designator="6" footprintpin="6" />
    <pinmap designator="7" footprintpin="7" />
    <pinmap designator="8" footprintpin="8" />
    <pinmap designator="9" footprintpin="9" />
    <pinmap designator="10" footprintpin="10" />
    <pinmap designator="11" footprintpin="11" />
    <pinmap designator="12" footprintpin="12" />
    <pinmap designator="13" footprintpin="13" />
    <pinmap designator="14" footprintpin="14" />
    <text name="Datasheet" originx="0" originy="0" style="Default" rotation="0" justify="" flipped="False" hidden="True" data="http://uk.rs-online.com/web/p/products/8655706P" />
    <text name="Description" originx="0" originy="0" style="Default" rotation="0" justify="" flipped="False" hidden="True" data="International Rectifier IR21834PBF, Dual MOSFET Power Driver 2.3A Half Bridge, 10  20 V, Non-Inverting, 14-Pin" />
    <text name="RS Part Number" originx="0" originy="0" style="Default" rotation="0" justify="" flipped="False" hidden="True" data="8655706P" />
    <text name="RS Price/Stock" originx="0" originy="0" style="Default" rotation="0" justify="" flipped="False" hidden="True" data="http://uk.rs-online.com/web/p/products/8655706P" />
    <text name="Manufacturer_Name" originx="0" originy="0" style="Default" rotation="0" justify="" flipped="False" hidden="True" data="Infineon" />
    <text name="Manufacturer_Part_Number" originx="1050" originy="200" style="Default" rotation="0" justify="left" flipped="False" hidden="False" data="IR21834PBF" />
  </component>
</quadcept_library>
