<?xml version="1.0" encoding="utf-8"?>
<!--/358017/1130953/2.50/6/4/Undefined or Miscellaneous/-->
<quadcept_library>
  <setting unit="mil" />
  <textstyle name="Default" height="47.244094488189" strokewidth="7.8740157480315" charwidth="47.244094488189" />
  <textstyle name="Dimension" height="19.6850393700787" strokewidth="0" charwidth="19.6850393700787" />
  <textstyle name="H127W0635TH00762" height="50" strokewidth="3" charwidth="25" />
  <textstyle name="H15W15TH02" height="59.0551181102362" strokewidth="7.8740157480315" charwidth="59.0551181102362" />
  <padstyle name="c180_h115" surface="False" plated="True" isvia="False" nopaste="True" nomask="True" complex="False" holesize="45.275590551181">
    <padshape layer="TOP" shape="round" width="70.866141732283" height="70.866141732283" />
    <padshape layer="TOP_SOLDER_MASK" shape="round" width="78.740157480314" height="78.740157480314" />
    <padshape layer="INNER" shape="round" width="70.866141732283" height="70.866141732283" />
    <padshape layer="BOTTOM" shape="round" width="70.866141732283" height="70.866141732283" />
    <padshape layer="BOTTOM_SOLDER_MASK" shape="round" width="78.740157480314" height="78.740157480314" />
  </padstyle>
  <footprint name="NCS3" originx="0" originy="0" pickpointx="0" pickpointy="0">
    <pcbpin number="1" name="1" style="c180_h115" originx="84.055118110235" originy="-98.425196850392" rotation="90" />
    <pcbpin number="2" name="2" style="c180_h115" originx="184.05511811023" originy="-98.425196850392" rotation="90" />
    <pcbpin number="3" name="3" style="c180_h115" originx="284.05511811023" originy="-98.425196850392" rotation="90" />
    <pcbpin number="4" name="6" style="c180_h115" originx="584.05511811023" originy="-98.425196850392" rotation="90" />
    <pcbpin number="5" name="7" style="c180_h115" originx="684.05511811023" originy="-98.425196850392" rotation="90" />
    <pcbpin number="6" name="8" style="c180_h115" originx="784.05511811023" originy="-98.425196850392" rotation="90" />
    <line layer="TOP_ASSEMBLY" originx="0" originy="0" endx="864.17322834645" endy="0" width="9.9999999999999" />
    <line layer="TOP_ASSEMBLY" originx="864.17322834645" originy="0" endx="864.17322834645" endy="-372.04724409448" width="9.9999999999999" />
    <line layer="TOP_ASSEMBLY" originx="864.17322834645" originy="-372.04724409448" endx="0" endy="-372.04724409448" width="9.9999999999999" />
    <line layer="TOP_ASSEMBLY" originx="0" originy="-372.04724409448" endx="0" endy="0" width="9.9999999999999" />
    <line layer="TOP_SILKSCREEN" originx="0" originy="0" endx="0" endy="-372.04724409448" width="9.9999999999999" />
    <line layer="TOP_SILKSCREEN" originx="0" originy="-372.04724409448" endx="864.17322834645" endy="-372.04724409448" width="9.9999999999999" />
    <line layer="TOP_SILKSCREEN" originx="864.17322834645" originy="-372.04724409448" endx="864.17322834645" endy="0" width="9.9999999999999" />
    <line layer="TOP_SILKSCREEN" originx="864.17322834645" originy="0" endx="0" endy="0" width="9.9999999999999" />
    <arc layer="TOP_SILKSCREEN" originx="-29.370078740157" originy="-94.881889763778" startangle="180" sweepangle="180" radius="2.7763779527559" width="9.9999999999999" />
    <arc layer="TOP_SILKSCREEN" originx="-29.370078740157" originy="-94.881889763778" startangle="180" sweepangle="-180" radius="2.7763779527559" width="9.9999999999999" />
  </footprint>
  <symbol name="NCS3S1212SC" originx="0" originy="0">
    <line originx="200" originy="100" endx="900" endy="100" width="0" />
    <line originx="900" originy="-600" endx="900" endy="100" width="0" />
    <line originx="900" originy="-600" endx="200" endy="-600" width="0" />
    <line originx="200" originy="100" endx="200" endy="-600" width="0" />
    <sympin number="1" originx="200" originy="0" rotation="180" length="100" width="7.8740157480315" flipped="False">
      <text name="pinname" originx="230" originy="0" style="Default" rotation="0" justify="left" flipped="False" hidden="False" data="-VIN" />
      <text name="pindes" originx="140" originy="20" style="Default" rotation="0" justify="lowerright" flipped="False" hidden="False" data="1" />
    </sympin>
    <sympin number="2" originx="200" originy="-100" rotation="180" length="100" width="7.8740157480315" flipped="False">
      <text name="pinname" originx="230" originy="-100" style="Default" rotation="0" justify="left" flipped="False" hidden="False" data="+VIN" />
      <text name="pindes" originx="140" originy="-80" style="Default" rotation="0" justify="lowerright" flipped="False" hidden="False" data="2" />
    </sympin>
    <sympin number="3" originx="200" originy="-200" rotation="180" length="100" width="7.8740157480315" flipped="False">
      <text name="pinname" originx="230" originy="-200" style="Default" rotation="0" justify="left" flipped="False" hidden="False" data="CONTROL" />
      <text name="pindes" originx="140" originy="-180" style="Default" rotation="0" justify="lowerright" flipped="False" hidden="False" data="3" />
    </sympin>
    <sympin number="6" originx="200" originy="-300" rotation="180" length="100" width="7.8740157480315" flipped="False">
      <text name="pinname" originx="230" originy="-300" style="Default" rotation="0" justify="left" flipped="False" hidden="False" data="+VOUT" />
      <text name="pindes" originx="140" originy="-280" style="Default" rotation="0" justify="lowerright" flipped="False" hidden="False" data="6" />
    </sympin>
    <sympin number="7" originx="200" originy="-400" rotation="180" length="100" width="7.8740157480315" flipped="False">
      <text name="pinname" originx="230" originy="-400" style="Default" rotation="0" justify="left" flipped="False" hidden="False" data="0V" />
      <text name="pindes" originx="140" originy="-380" style="Default" rotation="0" justify="lowerright" flipped="False" hidden="False" data="7" />
    </sympin>
    <sympin number="8" originx="200" originy="-500" rotation="180" length="100" width="7.8740157480315" flipped="False">
      <text name="pinname" originx="230" originy="-500" style="Default" rotation="0" justify="left" flipped="False" hidden="False" data="N/C" />
      <text name="pindes" originx="140" originy="-480" style="Default" rotation="0" justify="lowerright" flipped="False" hidden="False" data="8" />
    </sympin>
  </symbol>
  <component name="NCS3S1212SC" designatorprefix="U" height="0" footprint="NCS3">
    <comppin designator="1" sympin="1" pinswap="0" gateswap="0" gate="1" group="1" side="" type="Any" name="-VIN" />
    <comppin designator="2" sympin="2" pinswap="0" gateswap="0" gate="1" group="1" side="" type="Any" name="+VIN" />
    <comppin designator="3" sympin="3" pinswap="0" gateswap="0" gate="1" group="1" side="" type="Any" name="CONTROL" />
    <comppin designator="6" sympin="6" pinswap="0" gateswap="0" gate="1" group="1" side="" type="Any" name="+VOUT" />
    <comppin designator="7" sympin="7" pinswap="0" gateswap="0" gate="1" group="1" side="" type="Any" name="0V" />
    <comppin designator="8" sympin="8" pinswap="0" gateswap="0" gate="1" group="1" side="" type="Any" name="N/C" />
    <attached_symbol gate="1" name="NCS3S1212SC" />
    <pinmap designator="1" footprintpin="1" />
    <pinmap designator="2" footprintpin="2" />
    <pinmap designator="3" footprintpin="3" />
    <pinmap designator="6" footprintpin="4" />
    <pinmap designator="7" footprintpin="5" />
    <pinmap designator="8" footprintpin="6" />
    <text name="Datasheet" originx="0" originy="0" style="Default" rotation="0" justify="" flipped="False" hidden="True" data="http://uk.rs-online.com/web/p/products/8762450P" />
    <text name="Description" originx="0" originy="0" style="Default" rotation="0" justify="" flipped="False" hidden="True" data="Murata Power Solutions Through Hole 3W Isolated DC-DC Converter, Vin 9  36 V dc, I/O isolation 1.5kV dc" />
    <text name="RS Part Number" originx="0" originy="0" style="Default" rotation="0" justify="" flipped="False" hidden="True" data="8762450P" />
    <text name="RS Price/Stock" originx="0" originy="0" style="Default" rotation="0" justify="" flipped="False" hidden="True" data="http://uk.rs-online.com/web/p/products/8762450P" />
    <text name="Manufacturer_Name" originx="0" originy="0" style="Default" rotation="0" justify="" flipped="False" hidden="True" data="Murata Electronics" />
    <text name="Manufacturer_Part_Number" originx="950" originy="200" style="Default" rotation="0" justify="left" flipped="False" hidden="False" data="NCS3S1212SC" />
  </component>
</quadcept_library>
