<?xml version="1.0" encoding="utf-8"?>
<!--/954739/1130953/2.50/3/3/MOSFET (N-Channel)/-->
<quadcept_library>
  <setting unit="mil" />
  <textstyle name="Default" height="47.244094488189" strokewidth="7.8740157480315" charwidth="47.244094488189" />
  <textstyle name="Dimension" height="19.6850393700787" strokewidth="0" charwidth="19.6850393700787" />
  <textstyle name="H127W0635TH00762" height="50" strokewidth="3" charwidth="25" />
  <textstyle name="H15W15TH02" height="59.0551181102362" strokewidth="7.8740157480315" charwidth="59.0551181102362" />
  <padstyle name="c246_h164" surface="False" plated="True" isvia="False" nopaste="True" nomask="True" complex="False" holesize="64.566929133857">
    <padshape layer="TOP" shape="round" width="96.850393700786" height="96.850393700786" />
    <padshape layer="TOP_SOLDER_MASK" shape="round" width="104.72440944882" height="104.72440944882" />
    <padshape layer="INNER" shape="round" width="96.850393700786" height="96.850393700786" />
    <padshape layer="BOTTOM" shape="round" width="96.850393700786" height="96.850393700786" />
    <padshape layer="BOTTOM_SOLDER_MASK" shape="round" width="104.72440944882" height="104.72440944882" />
  </padstyle>
  <padstyle name="s246_h164" surface="False" plated="True" isvia="False" nopaste="True" nomask="True" complex="False" holesize="64.566929133857">
    <padshape layer="TOP" shape="square" width="96.850393700786" height="96.850393700786" />
    <padshape layer="TOP_SOLDER_MASK" shape="square" width="104.72440944882" height="104.72440944882" />
    <padshape layer="INNER" shape="round" width="96.850393700786" height="96.850393700786" />
    <padshape layer="BOTTOM" shape="square" width="96.850393700786" height="96.850393700786" />
    <padshape layer="BOTTOM_SOLDER_MASK" shape="square" width="104.72440944882" height="104.72440944882" />
  </padstyle>
  <footprint name="TO545P500X1560X2410-3P" originx="0" originy="0" pickpointx="0" pickpointy="0">
    <pcbpin number="1" name="1" style="s246_h164" originx="0" originy="0" rotation="90" />
    <pcbpin number="2" name="2" style="c246_h164" originx="214.56692913386" originy="0" rotation="90" />
    <pcbpin number="3" name="3" style="c246_h164" originx="429.13385826771" originy="0" rotation="90" />
    <line layer="TOP_PLACE_BOUND" originx="-108.26771653543" originy="100.3937007874" endx="537.40157480314" endy="100.3937007874" width="1.9685039370079" />
    <line layer="TOP_PLACE_BOUND" originx="537.40157480314" originy="100.3937007874" endx="537.40157480314" endy="-116.14173228346" width="1.9685039370079" />
    <line layer="TOP_PLACE_BOUND" originx="537.40157480314" originy="-116.14173228346" endx="-108.26771653543" endy="-116.14173228346" width="1.9685039370079" />
    <line layer="TOP_PLACE_BOUND" originx="-108.26771653543" originy="-116.14173228346" endx="-108.26771653543" endy="100.3937007874" width="1.9685039370079" />
    <line layer="TOP_ASSEMBLY" originx="-98.425196850392" originy="90.551181102361" endx="527.5590551181" endy="90.551181102361" width="3.9370078740157" />
    <line layer="TOP_ASSEMBLY" originx="527.5590551181" originy="90.551181102361" endx="527.5590551181" endy="-106.29921259842" width="3.9370078740157" />
    <line layer="TOP_ASSEMBLY" originx="527.5590551181" originy="-106.29921259842" endx="-98.425196850392" endy="-106.29921259842" width="3.9370078740157" />
    <line layer="TOP_ASSEMBLY" originx="-98.425196850392" originy="-106.29921259842" endx="-98.425196850392" endy="90.551181102361" width="3.9370078740157" />
    <line layer="TOP_ASSEMBLY" originx="-98.425196850392" originy="-16.732283464567" endx="8.8582677165353" endy="90.551181102361" width="3.9370078740157" />
    <line layer="TOP_SILKSCREEN" originx="527.5590551181" originy="-106.29921259842" endx="527.5590551181" endy="90.551181102361" width="7.8740157480314" />
    <line layer="TOP_SILKSCREEN" originx="527.5590551181" originy="90.551181102361" endx="-98.425196850392" endy="90.551181102361" width="7.8740157480314" />
    <line layer="TOP_SILKSCREEN" originx="-98.425196850392" originy="90.551181102361" endx="-98.425196850392" endy="0" width="7.8740157480314" />
  </footprint>
  <symbol name="2SK3711" originx="0" originy="0">
    <line originx="300" originy="100" endx="300" endy="-100" width="0" />
    <line originx="300" originy="200" endx="300" endy="300" width="0" />
    <line originx="100" originy="0" endx="200" endy="0" width="0" />
    <line originx="200" originy="200" endx="200" endy="0" width="0" />
    <line originx="300" originy="100" endx="230" endy="100" width="0" />
    <line originx="300" originy="200" endx="230" endy="200" width="0" />
    <line originx="230" originy="0" endx="300" endy="0" width="0" />
    <line originx="230" originy="220" endx="230" endy="180" width="0" />
    <line originx="230" originy="-20" endx="230" endy="20" width="0" />
    <line originx="230" originy="80" endx="230" endy="120" width="0" />
    <arc originx="250" originy="100" startangle="180" sweepangle="180" radius="150" width="0" />
    <arc originx="250" originy="100" startangle="180" sweepangle="-180" radius="150" width="0" />
    <sympin number="1" originx="100" originy="0" rotation="180" length="100" width="7.8740157480315" flipped="False">
      <text name="pinname" originx="0" originy="-20" style="Default" rotation="0" justify="upperleft" flipped="False" hidden="True" data="G" />
      <text name="pindes" originx="80" originy="10" style="Default" rotation="0" justify="lowerright" flipped="False" hidden="False" data="1" />
    </sympin>
    <sympin number="2" originx="300" originy="300" rotation="90" length="100" width="7.8740157480315" flipped="False">
      <text name="pinname" originx="320" originy="400" style="Default" rotation="90" justify="upperleft" flipped="False" hidden="True" data="D" />
      <text name="pindes" originx="280" originy="400" style="Default" rotation="90" justify="upperright" flipped="False" hidden="False" data="2" />
    </sympin>
    <sympin number="3" originx="300" originy="-100" rotation="270" length="100" width="7.8740157480315" flipped="False">
      <text name="pinname" originx="320" originy="-200" style="Default" rotation="90" justify="lowerleft" flipped="False" hidden="True" data="S" />
      <text name="pindes" originx="280" originy="-200" style="Default" rotation="90" justify="lowerright" flipped="False" hidden="False" data="3" />
    </sympin>
    <polygon type="polygon">
      <point x="230" y="100" />
      <point x="270" y="120" />
      <point x="270" y="80" />
    </polygon>
  </symbol>
  <component name="2SK3711" designatorprefix="Q" height="196.85039370078" footprint="TO545P500X1560X2410-3P">
    <comppin designator="1" sympin="1" pinswap="0" gateswap="0" gate="1" group="1" side="" type="Any" name="G" />
    <comppin designator="2" sympin="2" pinswap="0" gateswap="0" gate="1" group="1" side="" type="Any" name="D" />
    <comppin designator="3" sympin="3" pinswap="0" gateswap="0" gate="1" group="1" side="" type="Any" name="S" />
    <attached_symbol gate="1" name="2SK3711" />
    <pinmap designator="1" footprintpin="1" />
    <pinmap designator="2" footprintpin="2" />
    <pinmap designator="3" footprintpin="3" />
    <text name="Datasheet" originx="0" originy="0" style="Default" rotation="0" justify="" flipped="False" hidden="True" data="http://www.semicon.sanken-ele.co.jp/sk_content/2sk3711_ds_en.pdf" />
    <text name="Description" originx="0" originy="0" style="Default" rotation="0" justify="" flipped="False" hidden="True" data="MOSFET N-CH 60V TO-3P" />
    <text name="RS Part Number" originx="0" originy="0" style="Default" rotation="0" justify="" flipped="False" hidden="True" data="" />
    <text name="RS Price/Stock" originx="0" originy="0" style="Default" rotation="0" justify="" flipped="False" hidden="True" data="" />
    <text name="Manufacturer_Name" originx="0" originy="0" style="Default" rotation="0" justify="" flipped="False" hidden="True" data="SANKEN ELECTRIC CO." />
    <text name="Manufacturer_Part_Number" originx="450" originy="50" style="Default" rotation="0" justify="left" flipped="False" hidden="False" data="2SK3711" />
  </component>
</quadcept_library>
