<?xml version="1.0" encoding="utf-8"?>
<!--/2375237/1130953/2.50/3/4/Connector/-->
<quadcept_library>
  <setting unit="mil" />
  <textstyle name="Default" height="47.244094488189" strokewidth="7.8740157480315" charwidth="47.244094488189" />
  <textstyle name="Dimension" height="19.6850393700787" strokewidth="0" charwidth="19.6850393700787" />
  <textstyle name="H127W0635TH00762" height="50" strokewidth="3" charwidth="25" />
  <textstyle name="H15W15TH02" height="59.0551181102362" strokewidth="7.8740157480315" charwidth="59.0551181102362" />
  <padstyle name="c140_h90" surface="False" plated="True" isvia="False" nopaste="True" nomask="True" complex="False" holesize="35.433070866141">
    <padshape layer="TOP" shape="round" width="55.11811023622" height="55.11811023622" />
    <padshape layer="TOP_SOLDER_MASK" shape="round" width="62.992125984251" height="62.992125984251" />
    <padshape layer="INNER" shape="round" width="55.11811023622" height="55.11811023622" />
    <padshape layer="BOTTOM" shape="round" width="55.11811023622" height="55.11811023622" />
    <padshape layer="BOTTOM_SOLDER_MASK" shape="round" width="62.992125984251" height="62.992125984251" />
  </padstyle>
  <footprint name="B3BXHALFSN" originx="0" originy="0" pickpointx="0" pickpointy="0">
    <pcbpin number="1" name="1" style="c140_h90" originx="0" originy="0" rotation="90" />
    <pcbpin number="2" name="2" style="c140_h90" originx="98.425196850392" originy="0" rotation="90" />
    <pcbpin number="3" name="3" style="c140_h90" originx="196.85039370078" originy="0" rotation="90" />
    <line layer="TOP_ASSEMBLY" originx="-96.456692913385" originy="-92.519685039369" endx="293.30708661417" endy="-92.519685039369" width="3.9370078740157" />
    <line layer="TOP_ASSEMBLY" originx="293.30708661417" originy="-92.519685039369" endx="293.30708661417" endy="133.85826771653" width="3.9370078740157" />
    <line layer="TOP_ASSEMBLY" originx="293.30708661417" originy="133.85826771653" endx="-96.456692913385" endy="133.85826771653" width="3.9370078740157" />
    <line layer="TOP_ASSEMBLY" originx="-96.456692913385" originy="133.85826771653" endx="-96.456692913385" endy="-92.519685039369" width="3.9370078740157" />
    <line layer="TOP_SILKSCREEN" originx="-96.456692913385" originy="-92.519685039369" endx="293.30708661417" endy="-92.519685039369" width="7.8740157480314" />
    <line layer="TOP_SILKSCREEN" originx="293.30708661417" originy="-92.519685039369" endx="293.30708661417" endy="133.85826771653" width="7.8740157480314" />
    <line layer="TOP_SILKSCREEN" originx="293.30708661417" originy="133.85826771653" endx="-96.456692913385" endy="133.85826771653" width="7.8740157480314" />
    <line layer="TOP_SILKSCREEN" originx="-96.456692913385" originy="133.85826771653" endx="-96.456692913385" endy="-92.519685039369" width="7.8740157480314" />
    <line layer="TOP_PLACE_BOUND" originx="-135.82677165354" originy="173.22834645669" endx="332.67716535433" endy="173.22834645669" width="3.9370078740157" />
    <line layer="TOP_PLACE_BOUND" originx="332.67716535433" originy="173.22834645669" endx="332.67716535433" endy="-131.88976377953" width="3.9370078740157" />
    <line layer="TOP_PLACE_BOUND" originx="332.67716535433" originy="-131.88976377953" endx="-135.82677165354" endy="-131.88976377953" width="3.9370078740157" />
    <line layer="TOP_PLACE_BOUND" originx="-135.82677165354" originy="-131.88976377953" endx="-135.82677165354" endy="173.22834645669" width="3.9370078740157" />
    <line layer="TOP_SILKSCREEN" originx="-125.9842519685" originy="0" endx="-125.9842519685" endy="0" width="7.8740157480314" />
    <arc layer="TOP_SILKSCREEN" originx="-124.01574803149" originy="0" startangle="180.0" sweepangle="180.0" radius="1.9685039370079" width="7.8740157480314" />
    <line layer="TOP_SILKSCREEN" originx="-122.04724409449" originy="0" endx="-122.04724409449" endy="0" width="7.8740157480314" />
    <arc layer="TOP_SILKSCREEN" originx="-124.01574803149" originy="0" startangle=".0" sweepangle="180.0" radius="1.9685039370079" width="7.8740157480314" />
    <line layer="TOP_SILKSCREEN" originx="-125.9842519685" originy="0" endx="-125.9842519685" endy="0" width="7.8740157480314" />
    <arc layer="TOP_SILKSCREEN" originx="-124.01574803149" originy="0" startangle="180.0" sweepangle="180.0" radius="1.9685039370079" width="7.8740157480314" />
  </footprint>
  <symbol name="B3B-XH-A_LF__SN_" originx="0" originy="0">
    <line originx="200" originy="100" endx="600" endy="100" width="0" />
    <line originx="600" originy="-300" endx="600" endy="100" width="0" />
    <line originx="600" originy="-300" endx="200" endy="-300" width="0" />
    <line originx="200" originy="100" endx="200" endy="-300" width="0" />
    <sympin number="1" originx="200" originy="0" rotation="180" length="100" width="7.8740157480315" flipped="False">
      <text name="pinname" originx="230" originy="0" style="Default" rotation="0" justify="left" flipped="False" hidden="False" data="1" />
      <text name="pindes" originx="140" originy="20" style="Default" rotation="0" justify="lowerright" flipped="False" hidden="False" data="1" />
    </sympin>
    <sympin number="2" originx="200" originy="-100" rotation="180" length="100" width="7.8740157480315" flipped="False">
      <text name="pinname" originx="230" originy="-100" style="Default" rotation="0" justify="left" flipped="False" hidden="False" data="2" />
      <text name="pindes" originx="140" originy="-80" style="Default" rotation="0" justify="lowerright" flipped="False" hidden="False" data="2" />
    </sympin>
    <sympin number="3" originx="200" originy="-200" rotation="180" length="100" width="7.8740157480315" flipped="False">
      <text name="pinname" originx="230" originy="-200" style="Default" rotation="0" justify="left" flipped="False" hidden="False" data="3" />
      <text name="pindes" originx="140" originy="-180" style="Default" rotation="0" justify="lowerright" flipped="False" hidden="False" data="3" />
    </sympin>
  </symbol>
  <component name="B3B-XH-A_LF__SN_" designatorprefix="J" height="275.5905511811" footprint="B3BXHALFSN">
    <comppin designator="1" sympin="1" pinswap="0" gateswap="0" gate="1" group="1" side="" type="Any" name="1" />
    <comppin designator="2" sympin="2" pinswap="0" gateswap="0" gate="1" group="1" side="" type="Any" name="2" />
    <comppin designator="3" sympin="3" pinswap="0" gateswap="0" gate="1" group="1" side="" type="Any" name="3" />
    <attached_symbol gate="1" name="B3B-XH-A_LF__SN_" />
    <pinmap designator="1" footprintpin="1" />
    <pinmap designator="2" footprintpin="2" />
    <pinmap designator="3" footprintpin="3" />
    <text name="Datasheet" originx="0" originy="0" style="Default" rotation="0" justify="" flipped="False" hidden="True" data="http://uk.rs-online.com/web/p/products/8201557P" />
    <text name="Description" originx="0" originy="0" style="Default" rotation="0" justify="" flipped="False" hidden="True" data="CONN HEADER VERT 3POS 2.5MM" />
    <text name="RS Part Number" originx="0" originy="0" style="Default" rotation="0" justify="" flipped="False" hidden="True" data="8201557P" />
    <text name="RS Price/Stock" originx="0" originy="0" style="Default" rotation="0" justify="" flipped="False" hidden="True" data="http://uk.rs-online.com/web/p/products/8201557P" />
    <text name="Manufacturer_Name" originx="0" originy="0" style="Default" rotation="0" justify="" flipped="False" hidden="True" data="JST (JAPAN SOLDERLESS TERMINALS)" />
    <text name="Manufacturer_Part_Number" originx="650" originy="200" style="Default" rotation="0" justify="left" flipped="False" hidden="False" data="B3B-XH-A(LF)(SN)" />
  </component>
</quadcept_library>
